H1,H2,Weight
W1,W66,20
W1,W27,5
W1,W34,13
W1,W16,15
W1,W95,20
W1,W76,14
W1,W94,20
W1,W30,14
W1,W60,23
W1,W14,18
W1,W33,12
W1,W6,24
W1,W46,22
W1,W91,6
W1,W4,26
W1,W25,15
W1,W54,17
W1,W67,25
W1,W31,36
W1,W9,22
W1,W85,18
W1,W83,6
W1,W49,14
W1,W44,9
W1,W80,14
W1,W98,27
W1,W92,9
W1,W51,14
W1,W39,21
W1,W40,1
W1,W41,24
W1,W38,13
W1,W36,15
W1,W17,11
W1,W24,16
W1,W86,18
W1,W42,7
W1,W64,7
W1,W89,24
W1,W69,12
W1,W15,8
W1,W56,26
W1,W19,24
W1,W63,14
W1,W22,3
W1,W13,5
W1,W87,17
W1,W52,9
W1,W10,25
W1,W55,6
W1,W75,11
W1,W58,25
W1,W61,20
W1,W3,6
W1,W12,27
W1,W77,25
W1,W59,24
W1,W26,14
W1,W72,3
W1,W78,6
W1,W97,14
W1,W57,8
W1,W81,3
W1,W11,17
W1,W70,22
W1,W45,21
W1,W2,20
W1,W50,10
W1,W5,15
W1,W29,8
W1,W84,10
W1,W48,9
W1,W53,15
W1,W90,5
W1,W93,29
W1,W43,21
W1,W71,6
W1,W96,5
W1,W37,5
W1,W21,6
W1,W62,6
W1,W23,13
W1,W35,26
W1,W100,7
W1,W18,2
W1,W68,10
W1,W32,10
W1,W7,6
W1,W20,11
W1,W74,19
W1,W73,10
W1,W47,3
W1,W82,6
W1,W99,3
W1,W79,5
W1,W88,4
W2,W19,17
W2,W18,20
W2,W16,47
W2,W30,10
W2,W52,23
W2,W84,44
W2,W75,49
W2,W72,26
W2,W32,27
W2,W42,50
W2,W10,33
W2,W26,40
W2,W62,35
W2,W49,23
W2,W6,28
W2,W3,33
W2,W8,34
W2,W50,33
W2,W25,39
W2,W99,59
W2,W94,21
W2,W97,36
W2,W58,15
W2,W27,42
W2,W82,20
W2,W85,2
W2,W77,22
W2,W40,20
W2,W5,9
W2,W78,45
W2,W39,50
W2,W76,46
W2,W37,36
W2,W31,17
W2,W93,16
W2,W90,23
W2,W38,15
W2,W55,27
W2,W61,13
W2,W60,47
W2,W74,18
W2,W12,36
W2,W65,15
W2,W66,24
W2,W22,52
W2,W96,13
W2,W44,28
W2,W15,27
W2,W81,52
W2,W87,16
W2,W35,17
W2,W54,29
W2,W64,20
W2,W67,57
W2,W29,15
W2,W34,33
W2,W63,62
W2,W88,6
W2,W48,10
W2,W33,9
W2,W79,17
W2,W9,18
W2,W14,21
W2,W80,15
W2,W36,50
W2,W91,13
W2,W69,23
W2,W68,29
W2,W4,31
W2,W46,16
W2,W92,26
W2,W51,32
W2,W56,35
W2,W21,37
W2,W11,21
W2,W41,23
W2,W7,18
W2,W98,20
W2,W23,22
W2,W89,25
W2,W59,8
W2,W13,5
W2,W100,32
W2,W86,18
W2,W28,29
W2,W73,16
W2,W70,14
W2,W57,16
W2,W20,6
W2,W17,21
W2,W95,20
W2,W47,1
W2,W45,32
W2,W53,12
W2,W83,18
W2,W43,5
W2,W24,2
W3,W15,23
W3,W60,13
W3,W21,49
W3,W50,23
W3,W93,16
W3,W48,16
W3,W83,17
W3,W62,19
W3,W100,31
W3,W35,14
W3,W17,26
W3,W41,23
W3,W38,16
W3,W72,48
W3,W65,39
W3,W10,17
W3,W56,26
W3,W80,34
W3,W84,11
W3,W19,1
W3,W5,16
W3,W34,19
W3,W71,27
W3,W16,15
W3,W39,31
W3,W40,23
W3,W22,17
W3,W12,29
W3,W67,55
W3,W79,27
W3,W88,14
W3,W58,12
W3,W61,32
W3,W11,23
W3,W92,6
W3,W9,58
W3,W13,9
W3,W6,26
W3,W44,12
W3,W70,35
W3,W59,8
W3,W8,14
W3,W85,8
W3,W46,17
W3,W30,48
W3,W99,24
W3,W97,19
W3,W74,15
W3,W24,15
W3,W64,2
W3,W63,10
W3,W68,29
W3,W78,47
W3,W94,17
W3,W96,29
W3,W87,9
W3,W91,16
W3,W51,21
W3,W89,12
W3,W31,33
W3,W49,18
W3,W14,21
W3,W75,33
W3,W29,13
W3,W18,8
W3,W81,28
W3,W45,14
W3,W86,18
W3,W55,13
W3,W76,15
W3,W28,10
W3,W73,9
W3,W36,18
W3,W53,5
W3,W4,32
W3,W52,15
W3,W33,12
W3,W57,16
W3,W20,3
W3,W77,15
W3,W27,22
W3,W98,10
W3,W23,14
W3,W7,10
W3,W47,6
W3,W37,20
W3,W25,7
W3,W43,14
W3,W26,13
W3,W32,13
W3,W42,6
W3,W66,4
W3,W54,2
W3,W90,12
W3,W95,4
W4,W86,33
W4,W71,9
W4,W46,19
W4,W8,36
W4,W12,30
W4,W62,61
W4,W87,19
W4,W48,12
W4,W35,44
W4,W73,11
W4,W19,20
W4,W6,26
W4,W94,56
W4,W79,24
W4,W34,28
W4,W88,29
W4,W9,44
W4,W65,19
W4,W84,31
W4,W66,44
W4,W30,32
W4,W51,28
W4,W74,15
W4,W13,21
W4,W11,33
W4,W85,38
W4,W49,40
W4,W80,49
W4,W83,30
W4,W76,38
W4,W25,40
W4,W10,18
W4,W43,35
W4,W63,55
W4,W42,28
W4,W78,36
W4,W36,40
W4,W18,11
W4,W97,26
W4,W38,46
W4,W60,23
W4,W91,14
W4,W56,36
W4,W77,24
W4,W57,10
W4,W50,18
W4,W53,3
W4,W22,27
W4,W99,49
W4,W37,41
W4,W40,24
W4,W17,25
W4,W96,44
W4,W69,20
W4,W31,21
W4,W39,51
W4,W72,26
W4,W27,30
W4,W7,24
W4,W61,33
W4,W98,38
W4,W90,45
W4,W75,32
W4,W28,17
W4,W24,17
W4,W45,30
W4,W64,14
W4,W89,19
W4,W15,40
W4,W68,15
W4,W16,27
W4,W52,16
W4,W82,27
W4,W32,11
W4,W59,14
W4,W95,12
W4,W29,21
W4,W67,35
W4,W70,28
W4,W21,46
W4,W54,20
W4,W55,9
W4,W93,13
W4,W26,9
W4,W20,30
W4,W92,19
W4,W5,28
W4,W100,6
W4,W58,2
W4,W41,25
W4,W33,13
W4,W81,22
W4,W47,22
W4,W44,12
W4,W23,4
W5,W80,43
W5,W77,16
W5,W95,6
W5,W73,16
W5,W18,15
W5,W15,20
W5,W17,20
W5,W40,15
W5,W76,34
W5,W34,16
W5,W9,38
W5,W92,23
W5,W72,26
W5,W32,19
W5,W63,42
W5,W46,26
W5,W8,21
W5,W87,22
W5,W66,17
W5,W91,22
W5,W42,20
W5,W14,36
W5,W82,22
W5,W26,27
W5,W97,21
W5,W38,23
W5,W61,35
W5,W25,29
W5,W99,15
W5,W69,24
W5,W59,9
W5,W21,44
W5,W64,18
W5,W88,13
W5,W83,28
W5,W19,18
W5,W93,11
W5,W27,15
W5,W67,19
W5,W86,28
W5,W89,22
W5,W56,25
W5,W81,52
W5,W60,16
W5,W44,17
W5,W6,12
W5,W31,30
W5,W51,31
W5,W13,21
W5,W35,15
W5,W41,22
W5,W39,26
W5,W22,19
W5,W71,12
W5,W7,24
W5,W47,3
W5,W10,13
W5,W79,14
W5,W85,18
W5,W37,22
W5,W53,10
W5,W43,19
W5,W52,6
W5,W36,22
W5,W23,19
W5,W74,41
W5,W70,15
W5,W33,24
W5,W55,9
W5,W45,28
W5,W98,7
W5,W49,5
W5,W54,2
W5,W12,2
W5,W48,2
W5,W68,22
W5,W62,7
W5,W57,17
W5,W75,13
W5,W90,13
W5,W24,25
W5,W94,7
W5,W28,4
W5,W100,25
W5,W16,11
W5,W96,22
W5,W29,6
W5,W30,13
W5,W78,6
W5,W58,21
W5,W84,21
W5,W11,4
W5,W50,1
W5,W20,5
W5,W65,9
W6,W38,44
W6,W50,58
W6,W67,43
W6,W44,12
W6,W84,17
W6,W62,47
W6,W55,10
W6,W35,20
W6,W33,9
W6,W32,32
W6,W17,8
W6,W76,39
W6,W52,14
W6,W19,22
W6,W61,19
W6,W94,47
W6,W85,24
W6,W83,18
W6,W47,15
W6,W49,27
W6,W80,10
W6,W88,6
W6,W72,17
W6,W24,24
W6,W63,27
W6,W66,9
W6,W59,24
W6,W96,24
W6,W34,18
W6,W54,29
W6,W56,46
W6,W46,37
W6,W41,64
W6,W89,23
W6,W99,16
W6,W48,38
W6,W97,46
W6,W73,4
W6,W92,10
W6,W74,39
W6,W58,40
W6,W69,33
W6,W90,23
W6,W60,25
W6,W9,27
W6,W14,12
W6,W75,9
W6,W57,43
W6,W26,20
W6,W16,20
W6,W39,18
W6,W71,27
W6,W22,31
W6,W70,21
W6,W7,24
W6,W28,20
W6,W64,25
W6,W25,26
W6,W36,24
W6,W87,26
W6,W31,26
W6,W53,8
W6,W21,39
W6,W12,10
W6,W40,24
W6,W79,16
W6,W51,26
W6,W81,18
W6,W100,9
W6,W29,5
W6,W77,16
W6,W20,37
W6,W78,9
W6,W65,13
W6,W10,14
W6,W98,20
W6,W95,6
W6,W86,21
W6,W30,2
W6,W93,6
W6,W11,10
W6,W18,19
W6,W91,15
W6,W23,23
W6,W45,44
W6,W15,13
W6,W42,14
W6,W27,20
W6,W13,12
W6,W8,2
W6,W43,25
W6,W37,8
W6,W68,11
W6,W82,2
W7,W14,17
W7,W23,27
W7,W61,44
W7,W50,14
W7,W27,23
W7,W42,35
W7,W33,12
W7,W55,6
W7,W77,36
W7,W66,31
W7,W17,12
W7,W24,31
W7,W32,32
W7,W93,15
W7,W83,33
W7,W76,14
W7,W52,21
W7,W67,26
W7,W20,48
W7,W54,25
W7,W16,25
W7,W72,28
W7,W13,12
W7,W99,13
W7,W90,23
W7,W69,19
W7,W88,13
W7,W21,18
W7,W94,40
W7,W9,34
W7,W79,20
W7,W28,12
W7,W37,37
W7,W64,16
W7,W96,27
W7,W43,9
W7,W8,25
W7,W68,39
W7,W71,17
W7,W48,35
W7,W11,8
W7,W26,32
W7,W29,20
W7,W87,23
W7,W35,17
W7,W85,35
W7,W30,19
W7,W81,33
W7,W97,19
W7,W74,14
W7,W98,24
W7,W82,22
W7,W89,12
W7,W73,19
W7,W38,22
W7,W36,12
W7,W15,22
W7,W51,22
W7,W40,8
W7,W39,32
W7,W70,39
W7,W56,30
W7,W75,12
W7,W92,6
W7,W63,7
W7,W46,32
W7,W59,11
W7,W58,26
W7,W41,13
W7,W78,4
W7,W47,13
W7,W60,28
W7,W62,8
W7,W80,17
W7,W57,15
W7,W18,9
W7,W100,15
W7,W45,8
W7,W34,13
W7,W25,12
W7,W95,12
W7,W84,12
W7,W12,4
W7,W86,23
W7,W10,22
W7,W31,19
W7,W49,13
W7,W19,16
W7,W22,5
W7,W91,6
W7,W53,3
W8,W48,11
W8,W69,14
W8,W92,14
W8,W72,20
W8,W58,8
W8,W87,25
W8,W35,26
W8,W51,37
W8,W79,38
W8,W19,25
W8,W23,21
W8,W42,32
W8,W34,36
W8,W65,33
W8,W66,6
W8,W91,20
W8,W49,30
W8,W29,8
W8,W100,8
W8,W55,18
W8,W33,20
W8,W21,41
W8,W62,22
W8,W41,24
W8,W52,27
W8,W16,7
W8,W97,29
W8,W14,14
W8,W26,7
W8,W63,35
W8,W75,20
W8,W57,21
W8,W36,11
W8,W94,23
W8,W96,19
W8,W85,10
W8,W86,24
W8,W56,7
W8,W83,12
W8,W70,16
W8,W50,30
W8,W30,2
W8,W39,33
W8,W45,16
W8,W20,22
W8,W9,19
W8,W77,15
W8,W47,9
W8,W38,41
W8,W12,13
W8,W71,1
W8,W99,23
W8,W74,19
W8,W24,19
W8,W89,21
W8,W68,13
W8,W22,36
W8,W25,24
W8,W27,7
W8,W64,9
W8,W18,54
W8,W59,19
W8,W95,13
W8,W88,21
W8,W11,6
W8,W28,18
W8,W44,6
W8,W61,26
W8,W53,13
W8,W76,10
W8,W90,15
W8,W78,17
W8,W17,9
W8,W40,4
W8,W54,18
W8,W80,2
W8,W67,1
W8,W81,10
W8,W73,17
W8,W15,27
W8,W84,8
W8,W37,14
W8,W43,2
W8,W93,14
W8,W46,1
W8,W98,8
W8,W13,4
W9,W74,22
W9,W98,41
W9,W18,8
W9,W42,50
W9,W94,46
W9,W58,23
W9,W90,14
W9,W83,39
W9,W63,62
W9,W48,40
W9,W89,22
W9,W11,21
W9,W34,26
W9,W70,28
W9,W60,18
W9,W14,23
W9,W80,48
W9,W65,38
W9,W81,42
W9,W86,30
W9,W44,19
W9,W15,43
W9,W92,26
W9,W17,22
W9,W20,31
W9,W76,38
W9,W96,58
W9,W57,16
W9,W35,29
W9,W39,40
W9,W32,28
W9,W66,23
W9,W79,19
W9,W47,22
W9,W68,29
W9,W27,27
W9,W53,29
W9,W21,21
W9,W82,24
W9,W61,31
W9,W88,14
W9,W71,16
W9,W93,31
W9,W75,43
W9,W77,38
W9,W95,25
W9,W100,27
W9,W37,25
W9,W62,34
W9,W16,23
W9,W22,23
W9,W73,31
W9,W97,18
W9,W51,20
W9,W54,23
W9,W85,48
W9,W46,27
W9,W31,27
W9,W24,25
W9,W72,14
W9,W30,47
W9,W29,42
W9,W78,18
W9,W84,27
W9,W99,32
W9,W91,12
W9,W67,10
W9,W19,25
W9,W13,25
W9,W40,25
W9,W64,14
W9,W25,20
W9,W41,36
W9,W45,43
W9,W26,27
W9,W56,26
W9,W38,28
W9,W10,27
W9,W87,5
W9,W52,19
W9,W23,17
W9,W36,15
W9,W28,10
W9,W12,21
W9,W49,30
W9,W69,15
W9,W55,11
W9,W50,20
W9,W43,10
W9,W59,15
W9,W33,6
W10,W73,18
W10,W22,33
W10,W33,18
W10,W88,32
W10,W37,7
W10,W81,16
W10,W12,6
W10,W70,36
W10,W75,18
W10,W69,31
W10,W68,24
W10,W26,61
W10,W19,28
W10,W56,27
W10,W80,26
W10,W60,6
W10,W98,28
W10,W20,13
W10,W64,16
W10,W16,28
W10,W84,22
W10,W54,5
W10,W91,19
W10,W49,14
W10,W66,12
W10,W41,23
W10,W85,14
W10,W35,8
W10,W99,11
W10,W55,32
W10,W11,12
W10,W97,15
W10,W79,28
W10,W65,48
W10,W67,22
W10,W90,21
W10,W62,13
W10,W94,18
W10,W72,18
W10,W77,29
W10,W82,12
W10,W23,21
W10,W44,22
W10,W61,33
W10,W46,7
W10,W58,5
W10,W47,6
W10,W24,50
W10,W86,18
W10,W93,41
W10,W21,8
W10,W78,14
W10,W30,11
W10,W29,23
W10,W71,33
W10,W51,30
W10,W53,16
W10,W13,15
W10,W14,12
W10,W92,24
W10,W89,11
W10,W36,30
W10,W25,22
W10,W95,17
W10,W57,14
W10,W31,7
W10,W45,16
W10,W17,10
W10,W28,28
W10,W42,34
W10,W74,16
W10,W48,12
W10,W96,25
W10,W34,2
W10,W15,15
W10,W39,7
W10,W40,8
W10,W32,16
W10,W18,10
W10,W43,10
W10,W59,9
W10,W27,15
W10,W76,19
W10,W50,8
W10,W38,10
W10,W63,16
W10,W52,8
W10,W83,1
W10,W87,5
W11,W16,29
W11,W60,29
W11,W83,32
W11,W84,37
W11,W72,9
W11,W45,21
W11,W68,28
W11,W58,12
W11,W26,30
W11,W42,7
W11,W12,29
W11,W78,32
W11,W22,16
W11,W62,9
W11,W63,29
W11,W48,9
W11,W38,31
W11,W37,23
W11,W14,24
W11,W93,22
W11,W88,20
W11,W51,20
W11,W74,22
W11,W36,15
W11,W99,10
W11,W56,19
W11,W76,42
W11,W32,56
W11,W91,7
W11,W15,20
W11,W65,32
W11,W55,22
W11,W70,34
W11,W21,45
W11,W67,15
W11,W97,1
W11,W17,18
W11,W50,26
W11,W80,27
W11,W47,19
W11,W23,27
W11,W81,28
W11,W89,10
W11,W71,26
W11,W19,20
W11,W61,18
W11,W66,13
W11,W85,5
W11,W39,29
W11,W94,43
W11,W30,34
W11,W46,7
W11,W34,30
W11,W98,21
W11,W79,4
W11,W52,7
W11,W75,21
W11,W59,15
W11,W25,6
W11,W87,14
W11,W40,9
W11,W49,16
W11,W41,24
W11,W77,17
W11,W35,26
W11,W86,14
W11,W20,18
W11,W96,35
W11,W54,20
W11,W92,15
W11,W64,7
W11,W28,6
W11,W13,8
W11,W57,14
W11,W73,4
W11,W27,4
W11,W44,15
W11,W24,22
W11,W69,8
W11,W95,12
W11,W82,10
W11,W31,6
W11,W29,7
W11,W90,4
W12,W56,37
W12,W64,28
W12,W77,27
W12,W33,48
W12,W62,26
W12,W84,39
W12,W66,33
W12,W85,28
W12,W90,14
W12,W15,12
W12,W34,41
W12,W42,4
W12,W45,23
W12,W25,19
W12,W78,45
W12,W17,17
W12,W59,16
W12,W22,34
W12,W39,49
W12,W79,33
W12,W72,13
W12,W71,22
W12,W63,63
W12,W99,24
W12,W51,24
W12,W91,13
W12,W70,43
W12,W73,17
W12,W30,8
W12,W35,21
W12,W97,20
W12,W16,21
W12,W46,44
W12,W27,14
W12,W49,36
W12,W98,10
W12,W74,6
W12,W57,35
W12,W96,54
W12,W88,24
W12,W32,35
W12,W75,31
W12,W69,36
W12,W65,49
W12,W44,32
W12,W61,25
W12,W53,28
W12,W47,17
W12,W28,9
W12,W21,25
W12,W36,30
W12,W58,15
W12,W23,16
W12,W55,15
W12,W14,14
W12,W83,26
W12,W67,20
W12,W82,12
W12,W41,20
W12,W24,14
W12,W38,4
W12,W95,16
W12,W86,34
W12,W31,18
W12,W37,21
W12,W60,26
W12,W40,1
W12,W94,14
W12,W76,27
W12,W43,14
W12,W50,21
W12,W19,19
W12,W20,18
W12,W81,16
W12,W92,18
W12,W93,18
W12,W54,14
W12,W48,26
W12,W68,22
W12,W87,9
W12,W52,9
W12,W26,18
W12,W100,12
W12,W29,17
W12,W80,7
W12,W13,10
W12,W18,5
W13,W97,13
W13,W72,22
W13,W22,26
W13,W98,28
W13,W51,40
W13,W60,25
W13,W16,10
W13,W49,17
W13,W95,12
W13,W28,7
W13,W54,15
W13,W44,23
W13,W64,24
W13,W57,15
W13,W25,16
W13,W61,16
W13,W65,24
W13,W46,25
W13,W70,15
W13,W77,7
W13,W40,23
W13,W37,13
W13,W69,12
W13,W86,29
W13,W31,20
W13,W18,17
W13,W93,18
W13,W100,18
W13,W21,38
W13,W38,43
W13,W84,5
W13,W42,59
W13,W68,31
W13,W71,20
W13,W66,10
W13,W23,7
W13,W30,25
W13,W39,22
W13,W58,21
W13,W85,23
W13,W87,13
W13,W59,9
W13,W15,26
W13,W81,13
W13,W53,17
W13,W55,24
W13,W27,9
W13,W67,26
W13,W73,23
W13,W88,25
W13,W32,41
W13,W26,17
W13,W56,8
W13,W91,24
W13,W82,14
W13,W24,19
W13,W47,37
W13,W76,24
W13,W45,23
W13,W20,12
W13,W48,15
W13,W75,7
W13,W17,17
W13,W99,5
W13,W33,3
W13,W29,14
W13,W41,16
W13,W34,16
W13,W62,4
W13,W79,19
W13,W74,22
W13,W90,10
W13,W50,18
W13,W78,14
W13,W80,7
W13,W36,22
W13,W19,6
W13,W94,5
W13,W83,12
W13,W96,10
W13,W89,4
W13,W43,8
W13,W14,8
W13,W52,8
W14,W92,16
W14,W19,31
W14,W71,11
W14,W32,30
W14,W99,11
W14,W21,35
W14,W27,21
W14,W97,36
W14,W60,11
W14,W87,22
W14,W88,15
W14,W18,13
W14,W55,23
W14,W38,43
W14,W73,32
W14,W66,30
W14,W53,22
W14,W89,12
W14,W65,19
W14,W44,14
W14,W84,17
W14,W90,20
W14,W83,23
W14,W24,31
W14,W41,20
W14,W93,12
W14,W15,11
W14,W28,18
W14,W45,20
W14,W36,39
W14,W58,25
W14,W78,23
W14,W75,25
W14,W77,25
W14,W49,18
W14,W74,15
W14,W82,35
W14,W56,30
W14,W63,36
W14,W47,2
W14,W35,25
W14,W43,40
W14,W46,18
W14,W69,10
W14,W100,23
W14,W31,16
W14,W30,35
W14,W76,41
W14,W51,26
W14,W91,38
W14,W79,34
W14,W96,18
W14,W42,11
W14,W72,13
W14,W20,17
W14,W22,14
W14,W67,8
W14,W37,9
W14,W39,19
W14,W61,21
W14,W40,5
W14,W52,6
W14,W23,35
W14,W85,32
W14,W34,11
W14,W86,6
W14,W26,36
W14,W33,9
W14,W70,24
W14,W64,11
W14,W59,4
W14,W25,17
W14,W57,21
W14,W98,21
W14,W17,9
W14,W16,12
W14,W50,14
W14,W94,4
W14,W80,18
W14,W54,8
W14,W68,15
W14,W81,29
W14,W48,12
W14,W29,11
W14,W62,6
W14,W95,4
W15,W70,15
W15,W90,19
W15,W17,9
W15,W99,24
W15,W93,21
W15,W94,47
W15,W85,42
W15,W66,48
W15,W64,16
W15,W81,34
W15,W80,46
W15,W77,16
W15,W86,49
W15,W73,33
W15,W18,20
W15,W65,29
W15,W63,18
W15,W34,19
W15,W92,48
W15,W35,19
W15,W20,33
W15,W57,24
W15,W42,25
W15,W82,34
W15,W50,23
W15,W84,43
W15,W96,48
W15,W16,30
W15,W32,18
W15,W19,31
W15,W91,17
W15,W83,40
W15,W36,35
W15,W68,39
W15,W38,33
W15,W54,6
W15,W71,15
W15,W37,30
W15,W33,39
W15,W67,28
W15,W22,23
W15,W100,47
W15,W26,8
W15,W72,43
W15,W75,43
W15,W51,26
W15,W21,29
W15,W56,11
W15,W39,30
W15,W88,27
W15,W59,31
W15,W53,12
W15,W29,48
W15,W60,24
W15,W55,10
W15,W45,36
W15,W23,20
W15,W69,50
W15,W62,33
W15,W74,25
W15,W89,19
W15,W27,21
W15,W31,27
W15,W98,15
W15,W78,26
W15,W58,15
W15,W61,22
W15,W95,12
W15,W48,31
W15,W76,17
W15,W49,22
W15,W52,17
W15,W46,13
W15,W41,18
W15,W79,3
W15,W24,35
W15,W97,2
W15,W40,7
W15,W87,13
W15,W28,8
W15,W44,10
W15,W43,5
W15,W30,5
W16,W84,13
W16,W95,18
W16,W28,23
W16,W34,33
W16,W83,20
W16,W35,27
W16,W32,19
W16,W90,12
W16,W53,28
W16,W27,9
W16,W71,20
W16,W97,21
W16,W87,18
W16,W74,20
W16,W72,45
W16,W52,23
W16,W91,17
W16,W54,30
W16,W64,30
W16,W92,16
W16,W79,21
W16,W80,9
W16,W66,20
W16,W37,15
W16,W39,36
W16,W77,25
W16,W20,26
W16,W50,25
W16,W63,35
W16,W88,28
W16,W62,15
W16,W22,34
W16,W46,33
W16,W67,30
W16,W23,16
W16,W26,24
W16,W96,24
W16,W68,37
W16,W81,31
W16,W33,6
W16,W98,39
W16,W57,29
W16,W42,26
W16,W85,5
W16,W36,67
W16,W60,31
W16,W58,19
W16,W86,6
W16,W99,23
W16,W78,26
W16,W40,27
W16,W48,21
W16,W24,6
W16,W38,14
W16,W94,34
W16,W51,38
W16,W21,39
W16,W45,17
W16,W75,33
W16,W41,34
W16,W76,26
W16,W29,34
W16,W93,31
W16,W65,14
W16,W44,4
W16,W82,21
W16,W25,9
W16,W56,41
W16,W55,9
W16,W73,9
W16,W30,1
W16,W89,37
W16,W17,22
W16,W47,6
W16,W70,9
W16,W19,18
W16,W69,11
W16,W59,47
W16,W49,12
W16,W31,7
W16,W61,21
W16,W18,12
W16,W43,10
W17,W93,24
W17,W98,27
W17,W100,13
W17,W54,18
W17,W70,28
W17,W77,37
W17,W66,58
W17,W55,6
W17,W42,12
W17,W33,26
W17,W35,28
W17,W69,26
W17,W99,9
W17,W44,3
W17,W84,21
W17,W72,29
W17,W80,26
W17,W81,19
W17,W47,6
W17,W48,18
W17,W18,1
W17,W25,29
W17,W19,32
W17,W60,24
W17,W52,12
W17,W89,30
W17,W63,29
W17,W34,23
W17,W92,14
W17,W36,35
W17,W83,25
W17,W67,20
W17,W95,11
W17,W74,21
W17,W94,12
W17,W82,17
W17,W20,11
W17,W86,7
W17,W23,25
W17,W58,37
W17,W26,20
W17,W68,14
W17,W38,34
W17,W30,23
W17,W96,56
W17,W57,39
W17,W78,20
W17,W76,34
W17,W22,13
W17,W88,19
W17,W97,4
W17,W90,15
W17,W61,34
W17,W91,9
W17,W71,15
W17,W41,9
W17,W51,10
W17,W24,16
W17,W59,10
W17,W56,14
W17,W62,12
W17,W21,6
W17,W65,18
W17,W53,2
W17,W43,23
W17,W46,9
W17,W37,14
W17,W64,28
W17,W39,3
W17,W75,3
W17,W45,14
W17,W40,21
W17,W29,3
W17,W87,7
W17,W31,2
W17,W32,13
W17,W85,3
W17,W49,4
W17,W50,3
W18,W92,14
W18,W48,22
W18,W62,20
W18,W30,14
W18,W73,39
W18,W69,18
W18,W99,28
W18,W26,46
W18,W21,31
W18,W23,9
W18,W88,17
W18,W77,19
W18,W44,15
W18,W72,23
W18,W80,9
W18,W100,21
W18,W79,20
W18,W36,28
W18,W19,36
W18,W22,19
W18,W27,20
W18,W59,12
W18,W37,12
W18,W83,20
W18,W74,21
W18,W96,14
W18,W95,25
W18,W50,34
W18,W90,32
W18,W81,42
W18,W76,14
W18,W42,18
W18,W25,9
W18,W87,22
W18,W60,17
W18,W75,19
W18,W63,23
W18,W51,2
W18,W49,41
W18,W66,35
W18,W56,26
W18,W24,24
W18,W41,17
W18,W61,17
W18,W53,15
W18,W38,14
W18,W98,9
W18,W55,11
W18,W31,16
W18,W78,14
W18,W91,14
W18,W40,21
W18,W54,9
W18,W97,35
W18,W68,19
W18,W58,18
W18,W32,10
W18,W20,11
W18,W57,14
W18,W43,11
W18,W94,9
W18,W82,12
W18,W89,3
W18,W86,1
W18,W64,2
W18,W67,12
W18,W28,8
W18,W39,21
W18,W93,4
W18,W70,2
W18,W35,3
W18,W84,6
W18,W33,14
W19,W23,17
W19,W91,20
W19,W96,33
W19,W46,19
W19,W82,7
W19,W42,62
W19,W25,37
W19,W94,18
W19,W38,36
W19,W79,37
W19,W36,42
W19,W98,69
W19,W73,25
W19,W57,12
W19,W51,17
W19,W67,18
W19,W61,38
W19,W59,23
W19,W65,26
W19,W21,30
W19,W78,40
W19,W88,21
W19,W24,33
W19,W92,25
W19,W55,6
W19,W45,36
W19,W83,26
W19,W74,17
W19,W87,25
W19,W27,17
W19,W41,3
W19,W70,12
W19,W60,12
W19,W100,21
W19,W26,37
W19,W62,29
W19,W86,46
W19,W89,22
W19,W32,31
W19,W66,27
W19,W29,26
W19,W81,19
W19,W50,47
W19,W49,40
W19,W44,28
W19,W93,29
W19,W69,13
W19,W99,19
W19,W63,13
W19,W52,8
W19,W85,10
W19,W75,26
W19,W31,18
W19,W47,10
W19,W76,62
W19,W95,33
W19,W37,2
W19,W97,32
W19,W53,13
W19,W39,16
W19,W90,28
W19,W22,7
W19,W35,26
W19,W33,10
W19,W48,25
W19,W40,9
W19,W54,13
W19,W28,22
W19,W80,16
W19,W64,22
W19,W84,22
W19,W58,19
W19,W77,28
W19,W72,9
W19,W71,20
W19,W68,8
W19,W56,11
W19,W20,16
W19,W34,7
W20,W87,28
W20,W54,27
W20,W98,6
W20,W50,14
W20,W60,16
W20,W28,19
W20,W22,18
W20,W55,26
W20,W77,49
W20,W21,37
W20,W67,20
W20,W24,32
W20,W51,18
W20,W85,26
W20,W66,47
W20,W82,37
W20,W39,19
W20,W61,16
W20,W97,23
W20,W84,16
W20,W94,54
W20,W57,13
W20,W79,21
W20,W32,39
W20,W93,27
W20,W75,14
W20,W91,22
W20,W80,4
W20,W74,19
W20,W96,23
W20,W83,24
W20,W23,7
W20,W95,27
W20,W44,2
W20,W38,37
W20,W70,7
W20,W72,5
W20,W69,47
W20,W81,21
W20,W45,4
W20,W65,14
W20,W100,25
W20,W42,33
W20,W37,17
W20,W78,21
W20,W34,15
W20,W73,28
W20,W64,11
W20,W27,10
W20,W48,8
W20,W36,13
W20,W53,11
W20,W90,26
W20,W33,25
W20,W99,19
W20,W62,16
W20,W41,12
W20,W47,27
W20,W63,13
W20,W43,10
W20,W46,29
W20,W68,4
W20,W40,11
W20,W92,23
W20,W26,9
W20,W35,16
W20,W30,18
W20,W58,11
W20,W29,12
W20,W52,28
W20,W56,16
W20,W88,31
W20,W31,30
W20,W49,25
W20,W76,8
W20,W59,9
W20,W25,13
W20,W89,11
W20,W71,1
W20,W86,8
W21,W48,35
W21,W23,29
W21,W51,25
W21,W66,27
W21,W27,32
W21,W62,46
W21,W26,16
W21,W65,35
W21,W46,5
W21,W94,52
W21,W73,23
W21,W98,18
W21,W59,27
W21,W100,39
W21,W35,44
W21,W82,37
W21,W74,35
W21,W61,56
W21,W22,41
W21,W67,63
W21,W53,21
W21,W57,32
W21,W38,40
W21,W29,20
W21,W41,20
W21,W60,32
W21,W33,16
W21,W84,13
W21,W87,53
W21,W30,55
W21,W40,44
W21,W93,36
W21,W47,18
W21,W68,22
W21,W80,25
W21,W96,13
W21,W70,32
W21,W25,24
W21,W52,27
W21,W79,27
W21,W54,27
W21,W42,17
W21,W72,40
W21,W91,27
W21,W58,27
W21,W37,31
W21,W50,23
W21,W86,15
W21,W75,28
W21,W32,53
W21,W36,48
W21,W92,6
W21,W63,31
W21,W81,50
W21,W83,19
W21,W76,43
W21,W69,24
W21,W56,28
W21,W78,29
W21,W85,15
W21,W34,19
W21,W39,40
W21,W77,57
W21,W97,32
W21,W49,23
W21,W71,33
W21,W44,30
W21,W28,17
W21,W90,7
W21,W31,17
W21,W64,21
W21,W88,34
W21,W95,13
W21,W99,17
W21,W45,34
W21,W55,27
W21,W43,17
W21,W24,7
W21,W89,6
W22,W78,31
W22,W57,17
W22,W48,26
W22,W33,35
W22,W72,34
W22,W89,47
W22,W88,9
W22,W76,37
W22,W70,20
W22,W46,25
W22,W98,20
W22,W34,28
W22,W26,17
W22,W100,26
W22,W81,19
W22,W61,48
W22,W84,19
W22,W62,23
W22,W67,18
W22,W35,20
W22,W42,21
W22,W93,31
W22,W39,37
W22,W38,40
W22,W56,59
W22,W79,32
W22,W41,45
W22,W27,23
W22,W75,46
W22,W92,54
W22,W40,11
W22,W99,20
W22,W44,42
W22,W25,21
W22,W82,24
W22,W45,29
W22,W86,26
W22,W32,41
W22,W60,18
W22,W77,14
W22,W28,17
W22,W97,31
W22,W51,39
W22,W87,22
W22,W36,29
W22,W95,47
W22,W64,15
W22,W30,14
W22,W71,16
W22,W50,23
W22,W54,36
W22,W96,29
W22,W80,27
W22,W37,30
W22,W65,57
W22,W63,25
W22,W83,33
W22,W66,9
W22,W69,23
W22,W74,45
W22,W94,20
W22,W53,24
W22,W55,23
W22,W47,5
W22,W85,33
W22,W24,15
W22,W49,24
W22,W68,38
W22,W31,14
W22,W52,13
W22,W59,24
W22,W23,9
W22,W29,15
W22,W90,7
W22,W73,15
W22,W43,2
W22,W58,5
W23,W48,20
W23,W26,5
W23,W79,8
W23,W75,25
W23,W91,11
W23,W55,23
W23,W30,48
W23,W85,8
W23,W56,23
W23,W36,2
W23,W96,33
W23,W47,10
W23,W33,25
W23,W76,32
W23,W82,42
W23,W53,12
W23,W73,13
W23,W41,8
W23,W37,31
W23,W39,22
W23,W70,26
W23,W68,41
W23,W86,13
W23,W60,27
W23,W77,40
W23,W88,2
W23,W46,12
W23,W57,25
W23,W71,29
W23,W80,23
W23,W25,22
W23,W95,29
W23,W92,30
W23,W99,23
W23,W38,25
W23,W42,33
W23,W66,18
W23,W78,26
W23,W61,38
W23,W84,29
W23,W98,18
W23,W81,39
W23,W43,25
W23,W32,38
W23,W58,12
W23,W72,19
W23,W45,44
W23,W27,22
W23,W31,31
W23,W87,27
W23,W44,18
W23,W97,8
W23,W83,16
W23,W74,16
W23,W34,18
W23,W51,24
W23,W65,32
W23,W69,3
W23,W63,33
W23,W35,22
W23,W49,12
W23,W29,8
W23,W94,2
W23,W67,16
W23,W93,9
W23,W54,19
W23,W64,19
W23,W62,21
W23,W90,25
W23,W24,9
W23,W40,13
W23,W52,4
W23,W100,13
W23,W28,12
W24,W88,24
W24,W86,8
W24,W39,20
W24,W97,54
W24,W90,10
W24,W69,53
W24,W70,56
W24,W36,12
W24,W42,25
W24,W41,38
W24,W78,23
W24,W63,24
W24,W62,20
W24,W91,16
W24,W55,18
W24,W47,24
W24,W35,19
W24,W66,39
W24,W93,10
W24,W51,42
W24,W46,9
W24,W75,28
W24,W85,34
W24,W60,36
W24,W68,11
W24,W40,14
W24,W94,19
W24,W61,25
W24,W67,16
W24,W65,22
W24,W37,9
W24,W76,27
W24,W33,9
W24,W87,40
W24,W71,23
W24,W38,26
W24,W74,42
W24,W53,2
W24,W27,25
W24,W45,41
W24,W34,7
W24,W58,17
W24,W99,21
W24,W82,28
W24,W72,21
W24,W28,27
W24,W50,15
W24,W59,25
W24,W84,10
W24,W49,23
W24,W44,23
W24,W96,16
W24,W56,40
W24,W77,20
W24,W92,24
W24,W89,24
W24,W73,18
W24,W31,14
W24,W32,12
W24,W95,3
W24,W26,29
W24,W80,17
W24,W54,11
W24,W29,52
W24,W48,22
W24,W83,11
W24,W30,10
W24,W25,24
W24,W57,17
W24,W43,5
W24,W100,16
W24,W98,20
W24,W79,14
W24,W52,8
W24,W64,2
W24,W81,9
W25,W87,48
W25,W59,54
W25,W36,23
W25,W83,61
W25,W89,21
W25,W42,44
W25,W41,15
W25,W86,26
W25,W57,32
W25,W65,18
W25,W50,24
W25,W32,17
W25,W76,19
W25,W68,9
W25,W30,22
W25,W38,28
W25,W37,21
W25,W78,12
W25,W63,37
W25,W64,35
W25,W85,20
W25,W61,27
W25,W88,30
W25,W27,1
W25,W72,11
W25,W60,37
W25,W55,19
W25,W29,14
W25,W45,35
W25,W74,11
W25,W82,25
W25,W99,16
W25,W97,25
W25,W77,24
W25,W47,4
W25,W75,18
W25,W90,34
W25,W48,12
W25,W53,13
W25,W96,27
W25,W34,31
W25,W54,30
W25,W56,15
W25,W46,2
W25,W94,12
W25,W66,31
W25,W93,17
W25,W58,20
W25,W80,42
W25,W71,4
W25,W49,20
W25,W79,18
W25,W62,1
W25,W92,10
W25,W69,7
W25,W81,25
W25,W95,19
W25,W40,36
W25,W52,29
W25,W51,20
W25,W98,19
W25,W67,15
W25,W33,21
W25,W43,15
W25,W44,17
W25,W26,35
W25,W31,9
W25,W100,20
W25,W70,21
W25,W28,9
W25,W35,22
W25,W91,9
W25,W84,7
W26,W99,29
W26,W60,37
W26,W68,39
W26,W48,24
W26,W54,32
W26,W58,41
W26,W27,42
W26,W67,40
W26,W38,62
W26,W84,21
W26,W96,32
W26,W33,13
W26,W93,26
W26,W41,31
W26,W51,30
W26,W70,52
W26,W82,21
W26,W30,33
W26,W46,22
W26,W97,60
W26,W69,33
W26,W78,20
W26,W55,25
W26,W42,40
W26,W81,21
W26,W89,36
W26,W85,17
W26,W49,31
W26,W80,21
W26,W83,32
W26,W76,58
W26,W87,11
W26,W64,51
W26,W34,52
W26,W86,54
W26,W36,38
W26,W56,16
W26,W100,26
W26,W73,23
W26,W61,61
W26,W32,52
W26,W98,36
W26,W94,32
W26,W43,19
W26,W65,30
W26,W37,16
W26,W74,24
W26,W29,26
W26,W88,17
W26,W57,45
W26,W39,27
W26,W28,19
W26,W79,7
W26,W71,40
W26,W66,27
W26,W45,43
W26,W31,19
W26,W50,22
W26,W53,6
W26,W47,15
W26,W77,62
W26,W91,8
W26,W72,13
W26,W90,24
W26,W62,21
W26,W92,19
W26,W75,5
W26,W40,26
W26,W63,46
W26,W35,32
W26,W44,31
W26,W95,14
W26,W52,5
W27,W53,15
W27,W100,30
W27,W85,28
W27,W94,21
W27,W36,38
W27,W50,31
W27,W38,52
W27,W34,37
W27,W62,43
W27,W67,54
W27,W83,34
W27,W90,58
W27,W54,36
W27,W31,31
W27,W86,28
W27,W30,24
W27,W96,15
W27,W56,27
W27,W46,33
W27,W74,19
W27,W44,21
W27,W71,33
W27,W43,25
W27,W48,7
W27,W64,14
W27,W59,31
W27,W93,10
W27,W58,12
W27,W98,28
W27,W72,17
W27,W66,8
W27,W37,31
W27,W76,29
W27,W49,25
W27,W84,25
W27,W75,24
W27,W69,27
W27,W70,17
W27,W78,29
W27,W82,17
W27,W47,22
W27,W57,30
W27,W68,10
W27,W95,22
W27,W45,20
W27,W33,15
W27,W92,40
W27,W79,21
W27,W99,22
W27,W29,23
W27,W77,37
W27,W63,24
W27,W42,18
W27,W28,9
W27,W88,21
W27,W65,27
W27,W97,21
W27,W91,1
W27,W60,17
W27,W39,11
W27,W32,14
W27,W51,11
W27,W87,4
W27,W41,5
W27,W61,16
W27,W35,29
W27,W40,10
W27,W80,5
W27,W52,8
W27,W55,2
W28,W90,2
W28,W46,16
W28,W49,24
W28,W87,11
W28,W37,21
W28,W34,18
W28,W40,17
W28,W79,32
W28,W77,17
W28,W70,22
W28,W82,23
W28,W56,7
W28,W92,13
W28,W95,30
W28,W93,26
W28,W47,15
W28,W97,18
W28,W69,27
W28,W58,28
W28,W84,23
W28,W88,20
W28,W30,30
W28,W51,25
W28,W63,30
W28,W31,12
W28,W54,11
W28,W80,9
W28,W64,9
W28,W42,50
W28,W44,6
W28,W62,14
W28,W45,13
W28,W33,12
W28,W98,34
W28,W85,24
W28,W73,23
W28,W32,21
W28,W59,2
W28,W65,12
W28,W78,29
W28,W39,29
W28,W41,26
W28,W86,11
W28,W89,7
W28,W94,23
W28,W55,4
W28,W66,12
W28,W96,22
W28,W36,11
W28,W83,18
W28,W61,8
W28,W53,7
W28,W67,2
W28,W100,14
W28,W75,18
W28,W50,16
W28,W38,7
W28,W43,11
W28,W29,20
W28,W48,8
W28,W68,10
W28,W71,9
W28,W91,8
W28,W35,6
W28,W57,9
W28,W99,13
W28,W81,3
W28,W52,4
W28,W74,3
W28,W60,12
W28,W76,7
W29,W69,31
W29,W48,23
W29,W88,9
W29,W45,41
W29,W67,41
W29,W41,7
W29,W79,35
W29,W40,15
W29,W99,32
W29,W42,38
W29,W30,17
W29,W66,17
W29,W91,53
W29,W59,27
W29,W85,39
W29,W77,21
W29,W31,41
W29,W75,52
W29,W78,49
W29,W84,32
W29,W62,41
W29,W93,21
W29,W43,6
W29,W72,17
W29,W100,24
W29,W86,30
W29,W49,23
W29,W46,29
W29,W47,32
W29,W60,32
W29,W32,24
W29,W98,17
W29,W63,31
W29,W96,41
W29,W81,35
W29,W38,16
W29,W52,18
W29,W70,25
W29,W80,26
W29,W58,20
W29,W95,23
W29,W39,35
W29,W44,17
W29,W34,13
W29,W68,20
W29,W71,24
W29,W97,13
W29,W54,22
W29,W87,20
W29,W74,32
W29,W73,19
W29,W51,7
W29,W82,45
W29,W57,21
W29,W35,29
W29,W36,34
W29,W37,41
W29,W56,22
W29,W65,31
W29,W64,1
W29,W61,25
W29,W33,26
W29,W94,20
W29,W76,15
W29,W83,28
W29,W55,4
W29,W90,8
W29,W53,16
W29,W92,31
W29,W50,17
W30,W38,47
W30,W71,15
W30,W99,16
W30,W75,28
W30,W84,36
W30,W31,36
W30,W66,7
W30,W87,24
W30,W79,19
W30,W62,13
W30,W77,14
W30,W78,17
W30,W32,38
W30,W51,19
W30,W39,33
W30,W85,10
W30,W88,35
W30,W45,36
W30,W68,24
W30,W44,13
W30,W94,5
W30,W46,17
W30,W43,35
W30,W72,41
W30,W69,17
W30,W36,16
W30,W93,22
W30,W95,8
W30,W55,12
W30,W56,48
W30,W90,10
W30,W76,36
W30,W47,11
W30,W83,13
W30,W86,9
W30,W73,22
W30,W63,27
W30,W91,13
W30,W40,12
W30,W70,8
W30,W53,15
W30,W80,15
W30,W97,14
W30,W67,24
W30,W42,20
W30,W100,33
W30,W96,16
W30,W52,19
W30,W61,27
W30,W74,40
W30,W60,16
W30,W58,6
W30,W82,10
W30,W37,27
W30,W92,33
W30,W65,16
W30,W54,19
W30,W41,2
W30,W57,14
W30,W33,24
W30,W34,18
W30,W48,27
W30,W50,13
W30,W81,32
W30,W64,22
W30,W49,3
W30,W89,16
W30,W98,5
W30,W35,5
W31,W92,11
W31,W75,17
W31,W67,25
W31,W84,18
W31,W85,11
W31,W59,40
W31,W48,18
W31,W54,35
W31,W53,10
W31,W52,3
W31,W83,22
W31,W77,11
W31,W36,9
W31,W78,16
W31,W32,43
W31,W98,30
W31,W69,36
W31,W33,24
W31,W81,13
W31,W97,54
W31,W86,17
W31,W35,40
W31,W73,4
W31,W49,18
W31,W57,19
W31,W68,23
W31,W40,21
W31,W94,9
W31,W74,23
W31,W39,38
W31,W76,17
W31,W51,47
W31,W99,33
W31,W71,19
W31,W95,34
W31,W82,24
W31,W63,26
W31,W91,7
W31,W79,31
W31,W46,27
W31,W60,21
W31,W44,25
W31,W37,7
W31,W62,16
W31,W38,19
W31,W47,12
W31,W58,21
W31,W55,23
W31,W66,26
W31,W100,25
W31,W90,35
W31,W87,18
W31,W70,24
W31,W43,19
W31,W64,15
W31,W50,34
W31,W65,14
W31,W96,13
W31,W34,16
W31,W56,22
W31,W93,20
W31,W72,16
W31,W41,16
W31,W42,4
W31,W45,19
W31,W61,17
W31,W88,16
W31,W80,5
W31,W89,13
W32,W91,2
W32,W61,35
W32,W51,20
W32,W74,39
W32,W65,23
W32,W41,39
W32,W50,50
W32,W89,8
W32,W72,31
W32,W85,49
W32,W33,12
W32,W75,49
W32,W53,35
W32,W44,45
W32,W84,26
W32,W49,30
W32,W55,39
W32,W96,32
W32,W73,43
W32,W45,23
W32,W86,19
W32,W77,14
W32,W78,4
W32,W95,22
W32,W56,40
W32,W76,54
W32,W39,23
W32,W92,58
W32,W59,14
W32,W99,73
W32,W82,51
W32,W100,19
W32,W43,21
W32,W67,56
W32,W40,15
W32,W38,32
W32,W69,22
W32,W70,22
W32,W52,12
W32,W62,36
W32,W66,37
W32,W71,25
W32,W80,19
W32,W35,30
W32,W83,26
W32,W37,52
W32,W57,21
W32,W81,44
W32,W36,31
W32,W63,35
W32,W79,24
W32,W60,31
W32,W93,19
W32,W94,17
W32,W68,28
W32,W88,44
W32,W42,52
W32,W98,19
W32,W47,3
W32,W64,16
W32,W58,14
W32,W54,26
W32,W46,14
W32,W48,41
W32,W34,13
W32,W97,28
W32,W90,13
W33,W55,18
W33,W42,22
W33,W93,14
W33,W62,16
W33,W77,11
W33,W66,41
W33,W96,37
W33,W36,20
W33,W64,32
W33,W89,15
W33,W76,22
W33,W48,31
W33,W67,26
W33,W34,41
W33,W61,15
W33,W95,23
W33,W74,31
W33,W41,18
W33,W85,13
W33,W69,45
W33,W59,15
W33,W72,11
W33,W75,27
W33,W86,19
W33,W56,8
W33,W83,24
W33,W71,15
W33,W37,10
W33,W51,11
W33,W45,21
W33,W70,10
W33,W81,10
W33,W54,24
W33,W68,19
W33,W91,12
W33,W50,17
W33,W87,17
W33,W38,34
W33,W94,33
W33,W73,19
W33,W40,9
W33,W63,8
W33,W98,31
W33,W97,6
W33,W92,30
W33,W57,24
W33,W58,16
W33,W79,27
W33,W99,8
W33,W80,19
W33,W46,19
W33,W90,22
W33,W60,2
W33,W53,8
W33,W84,7
W33,W44,9
W33,W39,24
W33,W82,25
W33,W35,16
W33,W43,11
W33,W100,9
W33,W49,14
W33,W52,6
W33,W65,6
W33,W88,6
W34,W97,25
W34,W56,27
W34,W46,13
W34,W85,34
W34,W36,55
W34,W83,28
W34,W79,20
W34,W71,40
W34,W96,38
W34,W94,30
W34,W69,34
W34,W80,32
W34,W92,14
W34,W48,23
W34,W51,28
W34,W100,36
W34,W35,24
W34,W54,13
W34,W87,31
W34,W86,19
W34,W38,24
W34,W43,17
W34,W63,60
W34,W88,34
W34,W62,9
W34,W64,10
W34,W39,31
W34,W45,61
W34,W70,77
W34,W49,22
W34,W84,21
W34,W58,31
W34,W90,10
W34,W68,24
W34,W42,37
W34,W67,23
W34,W93,27
W34,W60,33
W34,W99,15
W34,W74,7
W34,W89,39
W34,W98,21
W34,W66,32
W34,W81,19
W34,W72,28
W34,W75,25
W34,W41,39
W34,W76,48
W34,W50,16
W34,W61,25
W34,W57,43
W34,W44,9
W34,W37,16
W34,W77,19
W34,W53,8
W34,W65,26
W34,W95,18
W34,W78,2
W34,W82,4
W34,W55,11
W34,W73,11
W34,W59,12
W34,W40,20
W34,W52,9
W34,W91,2
W35,W78,29
W35,W45,7
W35,W58,18
W35,W55,26
W35,W87,38
W35,W97,39
W35,W42,15
W35,W72,19
W35,W100,17
W35,W73,19
W35,W94,24
W35,W61,48
W35,W65,49
W35,W59,16
W35,W81,26
W35,W86,38
W35,W47,23
W35,W84,27
W35,W66,33
W35,W48,20
W35,W63,36
W35,W79,11
W35,W95,19
W35,W82,31
W35,W64,7
W35,W57,14
W35,W68,15
W35,W40,42
W35,W39,49
W35,W52,21
W35,W98,29
W35,W80,46
W35,W37,31
W35,W90,13
W35,W92,14
W35,W74,32
W35,W56,9
W35,W75,15
W35,W71,20
W35,W96,5
W35,W83,20
W35,W38,27
W35,W67,30
W35,W70,37
W35,W41,23
W35,W36,21
W35,W51,15
W35,W88,20
W35,W62,22
W35,W53,17
W35,W93,15
W35,W43,10
W35,W60,15
W35,W44,28
W35,W99,19
W35,W54,17
W35,W76,18
W35,W85,5
W35,W46,16
W35,W69,7
W35,W77,27
W35,W49,10
W35,W50,16
W35,W89,4
W36,W85,14
W36,W40,10
W36,W94,27
W36,W86,33
W36,W78,32
W36,W56,57
W36,W55,4
W36,W75,16
W36,W79,17
W36,W83,47
W36,W44,30
W36,W42,24
W36,W98,28
W36,W62,13
W36,W89,15
W36,W99,9
W36,W95,32
W36,W81,29
W36,W51,19
W36,W57,45
W36,W68,9
W36,W38,26
W36,W69,31
W36,W61,53
W36,W45,15
W36,W70,52
W36,W64,20
W36,W63,50
W36,W82,33
W36,W96,30
W36,W39,24
W36,W87,26
W36,W88,61
W36,W93,16
W36,W80,15
W36,W60,18
W36,W53,18
W36,W100,11
W36,W48,4
W36,W90,38
W36,W54,5
W36,W46,9
W36,W66,39
W36,W43,10
W36,W84,24
W36,W58,28
W36,W91,15
W36,W76,53
W36,W67,7
W36,W77,44
W36,W97,27
W36,W73,31
W36,W72,21
W36,W92,17
W36,W65,41
W36,W41,23
W36,W74,16
W36,W71,8
W36,W37,9
W36,W47,13
W36,W49,19
W36,W50,7
W36,W52,8
W37,W75,18
W37,W45,56
W37,W49,28
W37,W66,20
W37,W90,35
W37,W80,17
W37,W41,14
W37,W42,26
W37,W96,36
W37,W67,59
W37,W88,6
W37,W87,15
W37,W52,16
W37,W65,15
W37,W85,32
W37,W56,13
W37,W92,26
W37,W98,30
W37,W58,9
W37,W72,13
W37,W48,21
W37,W76,35
W37,W57,7
W37,W83,18
W37,W61,26
W37,W71,14
W37,W63,26
W37,W81,2
W37,W94,22
W37,W79,19
W37,W38,33
W37,W51,27
W37,W82,38
W37,W86,14
W37,W73,22
W37,W62,31
W37,W99,47
W37,W97,10
W37,W55,18
W37,W95,31
W37,W44,15
W37,W60,32
W37,W59,26
W37,W53,11
W37,W89,29
W37,W50,21
W37,W100,6
W37,W78,23
W37,W46,12
W37,W70,26
W37,W74,12
W37,W93,42
W37,W54,12
W37,W84,7
W37,W47,24
W37,W91,11
W37,W40,22
W37,W68,6
W37,W69,7
W37,W39,30
W37,W77,17
W38,W60,44
W38,W63,47
W38,W88,47
W38,W68,23
W38,W97,20
W38,W93,36
W38,W100,16
W38,W65,27
W38,W76,71
W38,W84,29
W38,W79,41
W38,W40,16
W38,W71,23
W38,W43,6
W38,W70,20
W38,W74,39
W38,W58,19
W38,W96,23
W38,W69,30
W38,W82,15
W38,W64,33
W38,W77,32
W38,W87,9
W38,W42,25
W38,W61,35
W38,W45,4
W38,W54,20
W38,W50,15
W38,W55,39
W38,W41,23
W38,W90,30
W38,W85,40
W38,W98,45
W38,W46,11
W38,W78,28
W38,W81,16
W38,W89,17
W38,W66,46
W38,W83,18
W38,W48,43
W38,W47,17
W38,W99,22
W38,W39,36
W38,W52,18
W38,W53,27
W38,W92,31
W38,W86,37
W38,W75,31
W38,W59,50
W38,W95,47
W38,W73,19
W38,W51,44
W38,W67,70
W38,W72,18
W38,W44,1
W38,W62,24
W38,W56,19
W38,W94,25
W38,W80,21
W38,W57,33
W38,W49,17
W38,W91,9
W39,W70,17
W39,W48,28
W39,W49,46
W39,W96,39
W39,W92,33
W39,W90,14
W39,W95,29
W39,W93,38
W39,W97,45
W39,W94,41
W39,W84,21
W39,W51,34
W39,W67,45
W39,W40,21
W39,W60,47
W39,W68,29
W39,W76,34
W39,W71,34
W39,W63,63
W39,W88,15
W39,W62,34
W39,W99,48
W39,W85,20
W39,W86,5
W39,W57,27
W39,W100,21
W39,W98,28
W39,W55,12
W39,W72,16
W39,W45,16
W39,W78,40
W39,W58,29
W39,W82,16
W39,W81,26
W39,W87,42
W39,W50,16
W39,W80,26
W39,W74,18
W39,W75,26
W39,W41,27
W39,W79,25
W39,W66,22
W39,W77,21
W39,W61,22
W39,W53,14
W39,W47,23
W39,W73,6
W39,W42,23
W39,W52,24
W39,W44,15
W39,W56,27
W39,W65,26
W39,W46,7
W39,W64,19
W39,W91,2
W39,W89,22
W39,W83,21
W39,W59,1
W39,W43,13
W39,W69,23
W40,W80,40
W40,W77,45
W40,W86,18
W40,W42,27
W40,W46,14
W40,W78,21
W40,W54,12
W40,W100,17
W40,W76,24
W40,W79,37
W40,W41,34
W40,W83,30
W40,W68,19
W40,W99,9
W40,W91,21
W40,W49,13
W40,W94,32
W40,W62,23
W40,W60,11
W40,W48,19
W40,W97,20
W40,W57,15
W40,W56,28
W40,W61,13
W40,W74,9
W40,W50,13
W40,W73,7
W40,W52,16
W40,W55,20
W40,W93,8
W40,W75,15
W40,W72,19
W40,W66,13
W40,W69,15
W40,W59,4
W40,W70,30
W40,W89,28
W40,W88,6
W40,W64,8
W40,W51,13
W40,W95,13
W40,W84,12
W40,W45,21
W40,W87,24
W40,W53,7
W40,W44,4
W40,W65,13
W40,W71,16
W40,W67,24
W40,W82,14
W40,W92,25
W40,W63,25
W40,W85,23
W40,W58,23
W40,W96,23
W40,W90,7
W40,W81,2
W40,W98,6
W41,W60,8
W41,W43,21
W41,W65,34
W41,W66,33
W41,W50,17
W41,W89,44
W41,W42,28
W41,W88,22
W41,W72,29
W41,W79,3
W41,W57,17
W41,W55,18
W41,W58,10
W41,W64,34
W41,W61,37
W41,W62,36
W41,W68,17
W41,W54,19
W41,W53,30
W41,W73,22
W41,W93,21
W41,W99,20
W41,W97,33
W41,W83,6
W41,W77,47
W41,W71,26
W41,W51,31
W41,W92,45
W41,W85,2
W41,W49,11
W41,W80,14
W41,W76,41
W41,W47,8
W41,W67,17
W41,W75,18
W41,W95,53
W41,W94,40
W41,W63,54
W41,W86,38
W41,W81,37
W41,W100,16
W41,W44,26
W41,W78,26
W41,W69,26
W41,W87,11
W41,W84,9
W41,W96,19
W41,W82,33
W41,W59,15
W41,W98,18
W41,W70,18
W41,W56,40
W41,W52,14
W41,W74,16
W41,W45,28
W41,W90,3
W41,W46,16
W41,W48,28
W41,W91,9
W42,W55,21
W42,W80,25
W42,W99,18
W42,W52,22
W42,W66,55
W42,W97,47
W42,W98,59
W42,W43,18
W42,W96,27
W42,W73,45
W42,W89,16
W42,W88,16
W42,W46,16
W42,W86,35
W42,W93,44
W42,W77,36
W42,W91,40
W42,W69,27
W42,W45,21
W42,W70,12
W42,W62,20
W42,W67,7
W42,W59,5
W42,W83,29
W42,W87,11
W42,W65,27
W42,W81,42
W42,W82,44
W42,W79,35
W42,W64,41
W42,W58,16
W42,W57,40
W42,W68,61
W42,W72,32
W42,W100,36
W42,W50,12
W42,W49,24
W42,W44,28
W42,W71,41
W42,W56,32
W42,W54,16
W42,W48,19
W42,W75,31
W42,W63,20
W42,W51,30
W42,W85,23
W42,W61,4
W42,W78,19
W42,W94,51
W42,W95,35
W42,W60,11
W42,W90,46
W42,W84,14
W42,W47,8
W42,W92,33
W42,W74,11
W42,W76,31
W43,W46,2
W43,W60,19
W43,W99,7
W43,W97,26
W43,W64,13
W43,W73,7
W43,W59,27
W43,W95,21
W43,W58,14
W43,W57,24
W43,W66,28
W43,W71,14
W43,W87,12
W43,W44,4
W43,W62,28
W43,W83,37
W43,W77,19
W43,W65,17
W43,W63,38
W43,W89,18
W43,W78,19
W43,W93,20
W43,W51,13
W43,W96,21
W43,W49,1
W43,W82,27
W43,W54,9
W43,W61,24
W43,W68,14
W43,W100,11
W43,W79,9
W43,W67,18
W43,W74,14
W43,W84,46
W43,W55,19
W43,W52,24
W43,W75,14
W43,W91,5
W43,W86,8
W43,W53,1
W43,W88,25
W43,W56,18
W43,W85,16
W43,W81,6
W43,W50,12
W43,W92,17
W43,W47,17
W43,W90,23
W43,W70,20
W43,W48,5
W43,W94,8
W43,W80,7
W43,W72,8
W43,W76,5
W43,W69,10
W43,W45,15
W44,W84,7
W44,W77,29
W44,W62,15
W44,W67,50
W44,W99,38
W44,W95,8
W44,W53,17
W44,W97,26
W44,W60,16
W44,W78,22
W44,W61,13
W44,W93,15
W44,W47,13
W44,W45,14
W44,W92,45
W44,W96,19
W44,W66,13
W44,W90,23
W44,W69,36
W44,W58,35
W44,W49,50
W44,W75,8
W44,W79,7
W44,W51,2
W44,W87,10
W44,W70,29
W44,W63,20
W44,W46,45
W44,W88,15
W44,W65,25
W44,W74,7
W44,W100,18
W44,W86,10
W44,W71,30
W44,W56,33
W44,W91,5
W44,W76,34
W44,W48,24
W44,W85,14
W44,W94,35
W44,W83,13
W44,W98,8
W44,W68,21
W44,W52,13
W44,W80,5
W44,W72,11
W44,W81,7
W44,W50,32
W44,W57,15
W44,W64,11
W44,W55,11
W44,W73,14
W44,W82,5
W44,W89,2
W44,W59,6
W44,W54,8
W45,W49,20
W45,W75,39
W45,W66,20
W45,W92,23
W45,W88,12
W45,W86,41
W45,W89,24
W45,W84,52
W45,W74,40
W45,W98,36
W45,W51,8
W45,W82,10
W45,W96,53
W45,W87,19
W45,W94,46
W45,W56,30
W45,W85,28
W45,W83,26
W45,W70,28
W45,W71,5
W45,W72,23
W45,W47,4
W45,W62,26
W45,W76,41
W45,W57,46
W45,W60,38
W45,W68,21
W45,W91,13
W45,W54,22
W45,W63,35
W45,W77,10
W45,W95,20
W45,W46,12
W45,W100,10
W45,W90,9
W45,W53,11
W45,W80,32
W45,W65,13
W45,W81,10
W45,W55,25
W45,W78,12
W45,W97,3
W45,W69,35
W45,W93,25
W45,W59,9
W45,W58,7
W45,W99,26
W45,W79,23
W45,W73,27
W45,W48,15
W45,W67,7
W45,W52,2
W45,W50,12
W45,W61,3
W46,W70,32
W46,W86,18
W46,W60,40
W46,W82,17
W46,W94,16
W46,W78,37
W46,W51,26
W46,W56,47
W46,W64,29
W46,W88,10
W46,W59,21
W46,W91,33
W46,W48,27
W46,W81,22
W46,W73,4
W46,W96,44
W46,W54,23
W46,W87,21
W46,W90,15
W46,W65,30
W46,W100,12
W46,W79,11
W46,W58,43
W46,W49,57
W46,W69,26
W46,W99,12
W46,W92,21
W46,W98,21
W46,W84,37
W46,W85,25
W46,W66,15
W46,W97,7
W46,W63,36
W46,W77,22
W46,W57,29
W46,W52,7
W46,W71,20
W46,W67,21
W46,W95,10
W46,W47,10
W46,W80,11
W46,W93,22
W46,W62,13
W46,W61,17
W46,W75,12
W46,W53,14
W46,W68,32
W46,W83,26
W46,W76,39
W46,W55,18
W46,W50,5
W46,W72,8
W46,W74,8
W47,W76,18
W47,W70,12
W47,W55,9
W47,W68,14
W47,W90,19
W47,W93,28
W47,W63,24
W47,W66,16
W47,W87,31
W47,W51,23
W47,W86,13
W47,W73,3
W47,W98,4
W47,W71,22
W47,W95,20
W47,W72,4
W47,W88,4
W47,W79,3
W47,W100,19
W47,W62,26
W47,W97,22
W47,W74,9
W47,W49,11
W47,W77,13
W47,W75,6
W47,W78,14
W47,W84,8
W47,W50,17
W47,W91,11
W47,W67,18
W47,W81,16
W47,W54,19
W47,W60,7
W47,W58,2
W47,W96,18
W47,W82,10
W47,W57,23
W47,W92,6
W47,W94,21
W47,W56,10
W47,W85,20
W47,W64,6
W47,W99,1
W47,W48,26
W47,W53,13
W47,W61,22
W47,W83,10
W47,W65,9
W47,W52,17
W47,W59,10
W48,W69,28
W48,W55,34
W48,W63,25
W48,W76,36
W48,W60,31
W48,W88,6
W48,W93,36
W48,W64,16
W48,W65,13
W48,W67,17
W48,W74,61
W48,W90,20
W48,W53,17
W48,W54,35
W48,W97,11
W48,W73,14
W48,W96,31
W48,W95,29
W48,W56,24
W48,W72,18
W48,W75,23
W48,W49,56
W48,W66,22
W48,W91,9
W48,W51,29
W48,W82,11
W48,W80,7
W48,W59,23
W48,W50,5
W48,W79,20
W48,W83,19
W48,W87,4
W48,W58,3
W48,W94,15
W48,W68,22
W48,W70,32
W48,W61,39
W48,W98,15
W48,W81,6
W48,W57,12
W48,W71,5
W48,W85,9
W48,W92,20
W48,W100,8
W48,W52,18
W48,W78,11
W48,W89,17
W48,W62,3
W48,W99,1
W49,W68,23
W49,W75,20
W49,W66,28
W49,W78,42
W49,W96,29
W49,W99,40
W49,W83,34
W49,W84,59
W49,W73,18
W49,W59,18
W49,W77,27
W49,W85,31
W49,W67,28
W49,W76,48
W49,W80,10
W49,W89,6
W49,W95,17
W49,W98,29
W49,W52,30
W49,W86,37
W49,W90,24
W49,W91,4
W49,W69,42
W49,W58,39
W49,W64,9
W49,W71,30
W49,W54,5
W49,W56,15
W49,W94,23
W49,W100,17
W49,W74,24
W49,W97,25
W49,W82,4
W49,W51,23
W49,W62,22
W49,W88,13
W49,W63,17
W49,W65,15
W49,W70,25
W49,W61,35
W49,W50,6
W49,W57,25
W49,W60,14
W49,W93,17
W49,W72,12
W49,W81,8
W49,W87,18
W49,W53,8
W49,W92,25
W49,W79,6
W49,W55,5
W50,W65,7
W50,W89,8
W50,W99,27
W50,W71,24
W50,W55,17
W50,W61,15
W50,W76,49
W50,W84,36
W50,W64,15
W50,W52,34
W50,W74,30
W50,W69,13
W50,W91,5
W50,W59,29
W50,W83,23
W50,W87,8
W50,W60,25
W50,W85,33
W50,W67,37
W50,W95,34
W50,W98,6
W50,W92,27
W50,W62,26
W50,W78,13
W50,W72,11
W50,W93,24
W50,W73,29
W50,W51,14
W50,W66,7
W50,W63,27
W50,W56,29
W50,W81,24
W50,W79,24
W50,W96,8
W50,W97,22
W50,W100,19
W50,W75,15
W50,W88,17
W50,W70,14
W50,W90,20
W50,W77,6
W50,W54,29
W50,W58,18
W50,W80,12
W50,W57,5
W50,W94,16
W50,W82,10
W50,W53,5
W50,W68,8
W50,W86,4
W51,W66,12
W51,W87,27
W51,W91,14
W51,W74,17
W51,W56,20
W51,W60,32
W51,W64,24
W51,W89,18
W51,W100,41
W51,W84,28
W51,W72,15
W51,W62,31
W51,W96,17
W51,W79,16
W51,W85,32
W51,W86,24
W51,W83,39
W51,W70,11
W51,W54,21
W51,W59,31
W51,W77,19
W51,W97,28
W51,W78,35
W51,W69,32
W51,W71,18
W51,W95,38
W51,W76,21
W51,W73,9
W51,W92,32
W51,W81,46
W51,W65,44
W51,W67,42
W51,W75,13
W51,W80,28
W51,W63,25
W51,W82,30
W51,W61,25
W51,W88,8
W51,W93,33
W51,W94,8
W51,W53,9
W51,W57,14
W51,W68,35
W51,W99,13
W51,W58,13
W51,W98,36
W51,W90,2
W51,W55,8
W51,W52,4
W52,W73,6
W52,W88,8
W52,W89,18
W52,W84,12
W52,W80,13
W52,W66,9
W52,W90,21
W52,W87,45
W52,W99,6
W52,W53,1
W52,W60,21
W52,W61,42
W52,W79,12
W52,W67,48
W52,W64,14
W52,W78,8
W52,W75,45
W52,W98,28
W52,W74,38
W52,W55,7
W52,W85,18
W52,W100,33
W52,W77,28
W52,W65,26
W52,W57,24
W52,W63,37
W52,W70,10
W52,W94,23
W52,W72,5
W52,W96,27
W52,W82,20
W52,W59,28
W52,W58,25
W52,W97,7
W52,W86,17
W52,W83,24
W52,W92,5
W52,W71,17
W52,W68,19
W52,W62,19
W52,W56,13
W52,W69,13
W52,W95,6
W52,W93,33
W52,W54,2
W52,W76,6
W52,W91,7
W53,W90,28
W53,W81,21
W53,W73,26
W53,W83,17
W53,W97,32
W53,W96,18
W53,W61,12
W53,W63,3
W53,W86,8
W53,W67,15
W53,W92,29
W53,W58,5
W53,W59,8
W53,W76,23
W53,W71,11
W53,W91,15
W53,W93,20
W53,W57,23
W53,W70,6
W53,W64,9
W53,W95,22
W53,W88,16
W53,W100,17
W53,W66,16
W53,W82,12
W53,W84,1
W53,W98,12
W53,W56,9
W53,W69,5
W53,W75,12
W53,W80,14
W53,W55,29
W53,W99,3
W53,W78,16
W53,W87,13
W53,W77,36
W53,W68,22
W53,W65,10
W53,W79,6
W53,W89,2
W53,W85,14
W53,W60,13
W53,W62,7
W53,W74,6
W53,W72,6
W54,W70,32
W54,W80,12
W54,W67,20
W54,W79,35
W54,W94,22
W54,W96,35
W54,W56,10
W54,W87,20
W54,W72,15
W54,W74,24
W54,W73,35
W54,W77,13
W54,W57,24
W54,W59,19
W54,W93,20
W54,W58,17
W54,W69,35
W54,W90,8
W54,W76,18
W54,W64,10
W54,W68,27
W54,W71,14
W54,W66,22
W54,W75,25
W54,W89,4
W54,W60,10
W54,W92,23
W54,W83,13
W54,W61,14
W54,W98,4
W54,W97,27
W54,W99,7
W54,W88,21
W54,W55,54
W54,W78,14
W54,W81,13
W54,W82,18
W54,W63,6
W54,W86,7
W54,W95,7
W54,W100,18
W54,W65,27
W54,W85,20
W54,W62,8
W55,W79,15
W55,W75,13
W55,W77,11
W55,W66,34
W55,W85,26
W55,W56,36
W55,W96,19
W55,W97,35
W55,W65,52
W55,W82,19
W55,W72,12
W55,W63,5
W55,W60,27
W55,W78,26
W55,W99,25
W55,W91,14
W55,W62,12
W55,W88,21
W55,W71,21
W55,W74,21
W55,W59,23
W55,W70,22
W55,W92,26
W55,W73,17
W55,W81,16
W55,W84,24
W55,W94,18
W55,W87,8
W55,W80,27
W55,W83,25
W55,W95,23
W55,W93,14
W55,W86,18
W55,W67,25
W55,W76,18
W55,W64,34
W55,W57,17
W55,W68,30
W55,W90,7
W55,W61,11
W55,W69,9
W55,W58,6
W55,W89,6
W56,W71,22
W56,W60,34
W56,W80,33
W56,W99,10
W56,W85,19
W56,W75,25
W56,W79,26
W56,W83,30
W56,W63,46
W56,W70,29
W56,W96,36
W56,W94,40
W56,W76,52
W56,W90,21
W56,W92,36
W56,W87,15
W56,W57,48
W56,W86,30
W56,W72,44
W56,W89,16
W56,W78,40
W56,W91,18
W56,W74,27
W56,W58,36
W56,W66,36
W56,W69,35
W56,W68,25
W56,W61,14
W56,W65,18
W56,W97,18
W56,W93,18
W56,W64,4
W56,W77,20
W56,W73,23
W56,W88,28
W56,W95,11
W56,W81,10
W56,W98,9
W56,W100,11
W56,W67,14
W56,W84,33
W56,W62,19
W56,W82,11
W56,W59,10
W57,W83,44
W57,W74,34
W57,W69,20
W57,W66,33
W57,W79,26
W57,W76,42
W57,W59,29
W57,W63,24
W57,W95,21
W57,W64,28
W57,W80,17
W57,W92,59
W57,W65,27
W57,W81,27
W57,W60,16
W57,W77,21
W57,W87,4
W57,W100,6
W57,W61,26
W57,W67,43
W57,W68,40
W57,W86,34
W57,W97,17
W57,W94,17
W57,W70,27
W57,W96,38
W57,W75,11
W57,W78,21
W57,W89,9
W57,W98,9
W57,W91,4
W57,W99,14
W57,W62,17
W57,W58,25
W57,W82,12
W57,W73,2
W57,W85,8
W57,W93,23
W57,W71,11
W57,W72,14
W57,W90,28
W57,W84,20
W57,W88,6
W58,W87,17
W58,W68,24
W58,W81,24
W58,W93,16
W58,W64,4
W58,W65,35
W58,W75,28
W58,W72,10
W58,W70,12
W58,W91,21
W58,W79,17
W58,W69,14
W58,W96,41
W58,W61,31
W58,W82,37
W58,W90,26
W58,W95,24
W58,W94,26
W58,W84,25
W58,W85,19
W58,W80,43
W58,W83,15
W58,W76,27
W58,W66,44
W58,W97,36
W58,W78,25
W58,W89,16
W58,W60,19
W58,W71,20
W58,W99,25
W58,W74,33
W58,W67,10
W58,W98,15
W58,W88,10
W58,W86,24
W58,W73,27
W58,W62,25
W58,W100,12
W58,W92,21
W58,W63,29
W58,W77,20
W58,W59,2
W59,W87,6
W59,W77,33
W59,W83,35
W59,W85,8
W59,W60,27
W59,W65,23
W59,W61,27
W59,W84,23
W59,W99,17
W59,W68,25
W59,W76,9
W59,W89,20
W59,W92,17
W59,W69,24
W59,W67,21
W59,W74,30
W59,W82,13
W59,W88,18
W59,W70,22
W59,W96,8
W59,W93,11
W59,W97,10
W59,W71,21
W59,W86,12
W59,W75,37
W59,W90,15
W59,W79,6
W59,W72,7
W59,W95,16
W59,W98,15
W59,W78,18
W59,W81,3
W59,W94,10
W59,W63,23
W59,W66,7
W59,W91,8
W59,W73,4
W59,W100,7
W60,W63,44
W60,W98,24
W60,W77,23
W60,W89,17
W60,W62,21
W60,W88,29
W60,W80,26
W60,W66,16
W60,W100,12
W60,W87,14
W60,W74,14
W60,W70,64
W60,W68,31
W60,W94,20
W60,W65,14
W60,W64,16
W60,W72,23
W60,W75,24
W60,W90,22
W60,W67,41
W60,W97,23
W60,W82,18
W60,W76,33
W60,W79,7
W60,W91,35
W60,W85,29
W60,W61,33
W60,W83,29
W60,W92,21
W60,W78,20
W60,W73,19
W60,W81,23
W60,W99,20
W60,W69,31
W60,W96,35
W60,W86,14
W60,W93,30
W60,W84,12
W60,W95,16
W61,W88,14
W61,W95,7
W61,W70,58
W61,W76,29
W61,W66,45
W61,W84,24
W61,W65,29
W61,W96,31
W61,W82,35
W61,W97,31
W61,W67,26
W61,W64,30
W61,W92,14
W61,W77,45
W61,W74,60
W61,W72,31
W61,W94,5
W61,W63,35
W61,W98,62
W61,W62,48
W61,W78,38
W61,W69,35
W61,W89,38
W61,W100,16
W61,W86,21
W61,W71,30
W61,W73,27
W61,W87,17
W61,W83,16
W61,W75,32
W61,W79,28
W61,W99,22
W61,W90,15
W61,W68,34
W61,W81,27
W61,W80,37
W61,W85,21
W61,W91,7
W61,W93,2
W62,W81,34
W62,W92,60
W62,W93,10
W62,W84,6
W62,W99,54
W62,W78,20
W62,W72,23
W62,W97,33
W62,W83,16
W62,W63,31
W62,W88,10
W62,W86,11
W62,W73,34
W62,W67,39
W62,W85,23
W62,W82,25
W62,W74,17
W62,W75,45
W62,W65,9
W62,W94,32
W62,W91,4
W62,W69,29
W62,W76,22
W62,W79,9
W62,W77,3
W62,W70,12
W62,W95,24
W62,W68,38
W62,W71,17
W62,W64,22
W62,W87,20
W62,W96,32
W62,W90,9
W62,W100,17
W62,W89,16
W62,W98,22
W62,W80,11
W62,W66,16
W63,W84,15
W63,W78,15
W63,W89,49
W63,W71,32
W63,W77,27
W63,W88,18
W63,W81,38
W63,W65,29
W63,W80,19
W63,W86,37
W63,W87,39
W63,W74,51
W63,W92,19
W63,W82,18
W63,W66,51
W63,W64,13
W63,W85,31
W63,W96,34
W63,W99,42
W63,W70,63
W63,W75,33
W63,W83,21
W63,W97,32
W63,W94,31
W63,W90,29
W63,W91,17
W63,W72,24
W63,W76,61
W63,W73,6
W63,W69,38
W63,W98,25
W63,W68,70
W63,W93,10
W63,W95,18
W63,W100,28
W63,W79,31
W63,W67,14
W64,W85,29
W64,W90,15
W64,W80,33
W64,W81,43
W64,W88,21
W64,W89,28
W64,W86,25
W64,W67,26
W64,W72,17
W64,W91,11
W64,W84,38
W64,W78,5
W64,W71,27
W64,W79,25
W64,W65,21
W64,W76,23
W64,W73,20
W64,W82,42
W64,W96,36
W64,W94,11
W64,W66,7
W64,W68,22
W64,W74,12
W64,W95,6
W64,W83,14
W64,W93,18
W64,W75,23
W64,W98,8
W64,W69,14
W64,W92,18
W64,W87,20
W64,W70,5
W64,W77,11
W64,W99,28
W64,W100,10
W64,W97,15
W65,W81,17
W65,W80,11
W65,W89,11
W65,W87,25
W65,W66,29
W65,W95,33
W65,W84,27
W65,W74,15
W65,W100,34
W65,W83,36
W65,W90,28
W65,W97,28
W65,W92,18
W65,W77,39
W65,W86,31
W65,W78,49
W65,W96,50
W65,W67,35
W65,W93,29
W65,W75,32
W65,W79,30
W65,W72,18
W65,W71,12
W65,W69,13
W65,W85,21
W65,W94,12
W65,W99,31
W65,W98,23
W65,W70,44
W65,W76,31
W65,W88,12
W65,W68,24
W65,W82,13
W65,W73,10
W66,W99,18
W66,W90,23
W66,W75,33
W66,W85,26
W66,W80,21
W66,W97,23
W66,W96,38
W66,W76,26
W66,W94,34
W66,W77,14
W66,W84,22
W66,W88,43
W66,W87,30
W66,W91,62
W66,W73,36
W66,W72,32
W66,W78,18
W66,W98,22
W66,W68,19
W66,W71,13
W66,W81,43
W66,W93,44
W66,W79,27
W66,W69,57
W66,W74,22
W66,W67,35
W66,W100,29
W66,W95,17
W66,W83,20
W66,W92,28
W66,W82,9
W66,W70,33
W66,W89,21
W66,W86,26
W67,W85,30
W67,W99,38
W67,W83,11
W67,W76,32
W67,W71,24
W67,W73,23
W67,W97,21
W67,W88,28
W67,W92,20
W67,W82,40
W67,W89,6
W67,W91,15
W67,W93,31
W67,W95,24
W67,W87,28
W67,W79,13
W67,W74,8
W67,W94,26
W67,W72,35
W67,W77,26
W67,W98,26
W67,W78,31
W67,W81,11
W67,W80,18
W67,W84,24
W67,W96,36
W67,W75,16
W67,W90,26
W67,W69,11
W67,W70,34
W67,W100,34
W67,W68,13
W67,W86,3
W68,W90,31
W68,W79,22
W68,W71,55
W68,W86,38
W68,W80,14
W68,W83,17
W68,W93,27
W68,W92,46
W68,W70,53
W68,W75,18
W68,W94,8
W68,W97,14
W68,W88,15
W68,W84,15
W68,W96,25
W68,W91,9
W68,W81,38
W68,W78,27
W68,W89,40
W68,W72,35
W68,W69,22
W68,W100,42
W68,W85,31
W68,W82,16
W68,W87,20
W68,W74,27
W68,W73,16
W68,W98,4
W68,W77,25
W68,W76,10
W68,W99,9
W68,W95,13
W69,W92,49
W69,W99,36
W69,W79,16
W69,W75,47
W69,W77,40
W69,W85,56
W69,W73,21
W69,W97,24
W69,W90,25
W69,W96,34
W69,W82,10
W69,W78,26
W69,W94,32
W69,W70,31
W69,W87,25
W69,W84,24
W69,W88,22
W69,W93,44
W69,W86,8
W69,W95,28
W69,W89,50
W69,W83,12
W69,W81,25
W69,W98,25
W69,W80,7
W69,W74,43
W69,W72,9
W69,W76,11
W69,W100,9
W69,W91,7
W70,W88,17
W70,W79,23
W70,W89,34
W70,W85,45
W70,W87,32
W70,W93,24
W70,W99,24
W70,W86,32
W70,W83,22
W70,W80,33
W70,W96,23
W70,W84,18
W70,W77,20
W70,W74,9
W70,W78,18
W70,W81,20
W70,W92,22
W70,W90,8
W70,W94,13
W70,W75,19
W70,W97,14
W70,W82,20
W70,W71,11
W70,W73,11
W70,W76,48
W70,W95,20
W70,W98,51
W70,W91,14
W70,W100,22
W70,W72,11
W71,W99,18
W71,W79,25
W71,W97,41
W71,W78,19
W71,W84,20
W71,W83,32
W71,W90,23
W71,W86,39
W71,W72,22
W71,W74,10
W71,W92,39
W71,W91,16
W71,W96,25
W71,W89,6
W71,W80,31
W71,W81,21
W71,W75,11
W71,W77,10
W71,W87,12
W71,W76,19
W71,W82,1
W71,W93,8
W71,W100,16
W71,W95,13
W71,W94,6
W71,W85,12
W71,W73,18
W72,W84,12
W72,W100,58
W72,W90,14
W72,W75,22
W72,W78,27
W72,W87,8
W72,W91,9
W72,W88,39
W72,W74,49
W72,W94,13
W72,W96,17
W72,W81,20
W72,W97,8
W72,W86,12
W72,W85,6
W72,W93,20
W72,W98,7
W72,W99,27
W72,W76,19
W72,W95,3
W72,W73,21
W72,W82,12
W72,W80,12
W72,W77,25
W72,W83,8
W72,W92,16
W72,W79,14
W72,W89,9
W73,W81,20
W73,W97,20
W73,W88,17
W73,W98,9
W73,W87,25
W73,W80,9
W73,W99,17
W73,W79,28
W73,W92,25
W73,W93,19
W73,W95,20
W73,W76,7
W73,W82,21
W73,W96,48
W73,W85,15
W73,W75,6
W73,W74,12
W73,W78,9
W73,W83,21
W73,W94,20
W73,W100,12
W73,W86,11
W73,W91,13
W73,W90,6
W74,W91,15
W74,W97,21
W74,W77,32
W74,W87,12
W74,W98,22
W74,W96,35
W74,W99,19
W74,W100,17
W74,W83,43
W74,W79,17
W74,W80,34
W74,W95,21
W74,W84,24
W74,W78,38
W74,W89,23
W74,W85,24
W74,W93,13
W74,W81,36
W74,W88,15
W74,W76,22
W74,W82,25
W74,W75,26
W74,W92,27
W74,W86,19
W74,W94,11
W74,W90,17
W75,W79,17
W75,W85,21
W75,W84,13
W75,W96,8
W75,W77,32
W75,W82,7
W75,W78,20
W75,W88,48
W75,W87,34
W75,W89,14
W75,W76,25
W75,W94,15
W75,W80,30
W75,W95,19
W75,W92,20
W75,W81,4
W75,W83,23
W75,W91,11
W75,W99,37
W75,W86,12
W75,W98,28
W75,W90,23
W75,W97,11
W75,W100,17
W75,W93,9
W76,W100,15
W76,W89,25
W76,W85,26
W76,W83,28
W76,W77,41
W76,W86,32
W76,W82,32
W76,W88,24
W76,W81,26
W76,W80,27
W76,W92,27
W76,W79,12
W76,W96,27
W76,W91,20
W76,W90,34
W76,W97,24
W76,W94,20
W76,W78,24
W76,W99,13
W76,W93,27
W76,W87,13
W76,W84,30
W76,W98,33
W76,W95,21
W77,W85,12
W77,W84,15
W77,W98,16
W77,W87,16
W77,W86,17
W77,W81,27
W77,W95,24
W77,W83,28
W77,W90,30
W77,W80,6
W77,W78,43
W77,W96,19
W77,W97,45
W77,W88,21
W77,W82,39
W77,W99,42
W77,W91,21
W77,W79,32
W77,W92,21
W77,W93,19
W77,W94,47
W77,W89,13
W78,W89,17
W78,W96,14
W78,W84,39
W78,W80,20
W78,W99,13
W78,W85,7
W78,W81,27
W78,W93,37
W78,W94,17
W78,W97,25
W78,W86,37
W78,W98,11
W78,W91,14
W78,W87,21
W78,W100,26
W78,W90,27
W78,W83,23
W78,W82,32
W78,W95,2
W78,W79,18
W78,W92,15
W79,W97,29
W79,W81,17
W79,W92,41
W79,W85,23
W79,W96,31
W79,W83,31
W79,W82,16
W79,W89,12
W79,W80,30
W79,W98,16
W79,W94,29
W79,W84,30
W79,W93,2
W79,W95,32
W79,W99,39
W79,W87,10
W79,W91,28
W79,W88,33
W79,W90,8
W79,W86,22
W79,W100,6
W80,W86,23
W80,W81,34
W80,W90,19
W80,W87,40
W80,W92,20
W80,W85,36
W80,W83,32
W80,W84,10
W80,W98,27
W80,W96,33
W80,W82,24
W80,W100,8
W80,W88,17
W80,W93,21
W80,W94,24
W80,W95,23
W80,W91,12
W80,W99,22
W80,W89,25
W80,W97,11
W81,W94,19
W81,W91,46
W81,W82,29
W81,W85,34
W81,W86,27
W81,W87,34
W81,W92,23
W81,W97,24
W81,W96,26
W81,W93,23
W81,W89,26
W81,W84,12
W81,W83,20
W81,W90,14
W81,W100,30
W81,W99,55
W81,W98,14
W81,W95,23
W81,W88,12
W82,W89,11
W82,W88,8
W82,W96,38
W82,W85,15
W82,W83,23
W82,W86,38
W82,W87,33
W82,W97,19
W82,W94,32
W82,W92,21
W82,W99,33
W82,W84,11
W82,W98,13
W82,W100,3
W82,W90,15
W82,W95,29
W82,W93,22
W82,W91,8
W83,W89,8
W83,W87,44
W83,W90,48
W83,W85,41
W83,W84,21
W83,W93,14
W83,W86,33
W83,W99,28
W83,W97,23
W83,W96,41
W83,W91,20
W83,W92,30
W83,W100,29
W83,W95,26
W83,W88,3
W83,W98,16
W83,W94,33
W84,W99,11
W84,W94,12
W84,W88,23
W84,W89,14
W84,W100,10
W84,W93,28
W84,W96,7
W84,W87,14
W84,W85,25
W84,W91,1
W84,W86,22
W84,W98,30
W84,W97,11
W84,W95,12
W84,W90,3
W84,W92,7
W85,W94,37
W85,W86,18
W85,W96,34
W85,W90,32
W85,W99,28
W85,W100,4
W85,W98,50
W85,W93,28
W85,W88,30
W85,W92,37
W85,W95,19
W85,W91,27
W85,W97,19
W85,W87,11
W85,W89,25
W86,W94,24
W86,W89,17
W86,W97,17
W86,W88,18
W86,W100,27
W86,W96,30
W86,W93,20
W86,W99,18
W86,W98,6
W86,W90,23
W86,W87,6
W86,W92,21
W86,W95,8
W86,W91,9
W87,W91,15
W87,W90,20
W87,W96,20
W87,W94,14
W87,W98,40
W87,W97,26
W87,W95,36
W87,W88,30
W87,W93,18
W87,W92,3
W87,W100,23
W87,W89,5
W87,W99,11
W88,W96,12
W88,W94,35
W88,W92,13
W88,W99,15
W88,W91,17
W88,W95,33
W88,W100,24
W88,W97,11
W88,W93,11
W88,W98,13
W88,W90,3
W88,W89,27
W89,W99,12
W89,W93,23
W89,W98,17
W89,W90,7
W89,W92,31
W89,W95,2
W89,W100,14
W89,W91,1
W89,W97,6
W89,W94,9
W89,W96,5
W90,W95,32
W90,W97,33
W90,W92,37
W90,W96,47
W90,W98,42
W90,W99,34
W90,W94,23
W90,W91,11
W90,W100,14
W90,W93,8
W91,W96,22
W91,W99,10
W91,W93,45
W91,W95,4
W91,W100,7
W91,W94,15
W91,W97,8
W91,W98,5
W92,W96,46
W92,W99,35
W92,W94,25
W92,W98,40
W92,W97,16
W92,W100,21
W92,W95,25
W92,W93,9
W93,W98,23
W93,W96,27
W93,W100,22
W93,W94,27
W93,W99,21
W93,W95,21
W93,W97,20
W94,W97,48
W94,W96,25
W94,W98,19
W94,W99,40
W94,W95,17
W94,W100,8
W95,W98,22
W95,W97,8
W95,W99,31
W95,W100,11
W95,W96,27
W96,W99,17
W96,W98,18
W96,W97,14
W96,W100,36
W97,W98,13
W97,W99,34
W97,W100,8
W98,W99,28
W98,W100,22
